timestamp,outside_temperature_c,outside_humidity_percent,wind_speed_kmh,wind_direction_degrees,inside_temperature_c,inside_humidity_percent,hourly_rainfall_mm,pressure_kpa
2026-10-05T00:06:40,18.1,77.0,2.1,135,25.5,59.0,0.0,990.0
2026-10-05T00:07:22,18.1,77.0,3.6,135,25.6,58.0,0.0,990.0
2026-10-05T00:08:22,18.3,77.0,2.8,135,25.6,54.0,0.0,990.0
2026-10-05T00:09:22,18.3,77.0,1.6,135,25.5,59.0,0.0,990.0
2026-10-05T00:10:22,18.2,77.0,2.6,135,25.6,59.0,0.0,990.0
2026-10-05T00:11:22,18.2,76.0,5.2,135,25.6,59.0,0.0,990.0
2026-10-05T00:12:22,18.1,76.0,4.2,135,25.5,59.0,0.0,990.0
2026-10-05T00:13:23,18.1,75.0,5.5,135,25.6,59.0,0.0,990.0
2026-10-05T00:14:22,18.5,75.0,4.3,135,25.6,59.0,0.0,990.0
